{"B":[0,-0.0037851275,-0.0083473079,-0.0144567085,-0.0229900994,-0.0347755178,-0.0499216806,-0.0683141838,-0.0897658715,-0.1139497037,-0.1402691149,-0.1679029152,-0.1958275257,-0.2499239821,-0.3,-0.3916666667,-0.4373697917,-0.562421875,-0.695,-0.8125,-0.85,-0.928515625,-1,-1.025,-1.1,-1.1489583333,-1.171484375,-1.222,-1.25,-1.325,-1.3616666667,-1.4033333333,-1.4262760417,-1.49,-1.55,-1.5875,-1.625,-1.662421875,-1.710625,-1.7440625,-1.79,-1.8007661984,-1.8144373559,-1.8190366955,-1.8238152197,-1.8323222381,0,0.0037851275,0.0083473079,0.0144567085,0.0229900994,0.0347755178,0.0499216806,0.0683141838,0.0897658715,0.1139497037,0.1402691149,0.1679029152,0.1958275257,0.2499239821,0.3,0.3916666667,0.4373697917,0.562421875,0.695,0.8125,0.85,0.928515625,1,1.025,1.1,1.1489583333,1.171484375,1.222,1.25,1.325,1.3616666667,1.4033333333,1.4262760417,1.49,1.55,1.5875,1.625,1.662421875,1.710625,1.7440625,1.79,1.8007661984,1.8144373559,1.8190366955,1.8238152197,1.8323222381],"H":[0,-2.981731987,-6.4980808462,-11.0836634498,-17.27309667,-25.4541100907,-35.4268841429,-46.8447119695,-59.3608867133,-72.6132065206,-86.1774895513,-99.6140589688,-112.4832379367,-135.7458778692,-157.3737981167,-198.55613685,-221.5804416,-301.1806534458,-419.0198142,-563.7011766526,-619.1450580667,-767.8852622557,-954.6942819167,-1038.6484276487,-1408.0303959667,-1784.4933265792,-1995.2676357807,-2625.7602229167,-3105.8603626667,-5440.0073358333,-6884.804511375,-9127.6526831667,-10538.8221999427,-15323.1793458333,-21718.6226033333,-27451.5842588802,-34628.1940445833,-43625.5649041927,-58218.2615479167,-73137.1568353385,-95812.5039616667,-101556.571765677,-109710.145109323,-112872.194138333,-116398.347195391,-123026.043343542,0,2.981731987,6.4980808462,11.0836634498,17.27309667,25.4541100907,35.4268841429,46.8447119695,59.3608867133,72.6132065206,86.1774895513,99.6140589688,112.4832379367,135.7458778692,157.3737981167,198.55613685,221.5804416,301.1806534458,419.0198142,563.7011766526,619.1450580667,767.8852622557,954.6942819167,1038.6484276487,1408.0303959667,1784.4933265792,1995.2676357807,2625.7602229167,3105.8603626667,5440.0073358333,6884.804511375,9127.6526831667,10538.8221999427,15323.1793458333,21718.6226033333,27451.5842588802,34628.1940445833,43625.5649041927,58218.2615479167,73137.1568353385,95812.5039616667,101556.571765677,109710.145109323,112872.194138333,116398.347195391,123026.043343542]}