{"B":[0,-0.05,-0.1297648933,-0.152394165,-0.1764475833,-0.2019251483,-0.22882686,-0.2571527183,-0.2869027233,-0.318076875,-0.3564356438,-0.3950082511,-0.434818482,-0.4771039604,-0.5231023102,-0.573587046,-0.6274752473,-0.6832198842,-0.7392739272,-0.7945286715,-0.8496287129,-0.9056569721,-0.9636963698,-1.024069204,-1.0840552806,-1.140173783,-1.1889438943,-1.2278774751,-1.2584570956,-1.2831580032,-1.3044554455,-1.3243476691,-1.3429249175,-1.3598004332,-1.3745874588,-1.3870797237,-1.3977929043,-1.4074231642,-1.4166666667,-1.4261937913,-1.4365717823,-1.4483421,-1.4620462048,-1.477941935,-1.4951526403,-1.5125180486,-1.5288778877,-1.5434328588,-1.5568275577,-1.5700675537,-1.584158416,-1.5998349837,-1.6167491752,-1.6342821786,-1.6518151818,-1.6688454004,-1.6853341586,-1.7013588078,-1.7169966997,-1.7325572401,-1.7492780528,-1.7686288161,-1.792079208,-1.8203640677,-1.8512788779,-1.8818842821,-1.909240924,-1.9311056105,-1.948019802,-1.9612211222,-1.9719471948,-1.9812164811,0,0.05,0.1297648933,0.152394165,0.1764475833,0.2019251483,0.22882686,0.2571527183,0.2869027233,0.318076875,0.3564356438,0.3950082511,0.434818482,0.4771039604,0.5231023102,0.573587046,0.6274752473,0.6832198842,0.7392739272,0.7945286715,0.8496287129,0.9056569721,0.9636963698,1.024069204,1.0840552806,1.140173783,1.1889438943,1.2278774751,1.2584570956,1.2831580032,1.3044554455,1.3243476691,1.3429249175,1.3598004332,1.3745874588,1.3870797237,1.3977929043,1.4074231642,1.4166666667,1.4261937913,1.4365717823,1.4483421,1.4620462048,1.477941935,1.4951526403,1.5125180486,1.5288778877,1.5434328588,1.5568275577,1.5700675537,1.584158416,1.5998349837,1.6167491752,1.6342821786,1.6518151818,1.6688454004,1.6853341586,1.7013588078,1.7169966997,1.7325572401,1.7492780528,1.7686288161,1.792079208,1.8203640677,1.8512788779,1.8818842821,1.909240924,1.9311056105,1.948019802,1.9612211222,1.9719471948,1.9812164811],"H":[0,-10,-20,-22.5,-25,-27.5,-30,-32.5,-35,-37.5,-40,-42.5260416667,-45.2083333333,-48.203125,-51.6666666667,-55.7291666667,-60.4166666667,-65.7291666667,-71.6666666667,-78.3854166667,-86.6666666667,-97.4479166667,-111.6666666667,-129.921875,-151.4583333333,-175.1822916667,-200,-225.2604166667,-252.0833333333,-282.03125,-316.6666666667,-357.03125,-402.0833333333,-450.2604166667,-500,-550.2604166667,-602.0833333333,-657.03125,-716.6666666667,-783.8541666667,-866.6666666667,-974.4791666667,-1116.6666666667,-1299.21875,-1514.5833333333,-1751.8229166667,-2000,-2252.6041666667,-2520.8333333333,-2820.3125,-3166.6666666667,-3570.3125,-4020.8333333333,-4502.6041666667,-5000,-5502.6041666667,-6020.8333333333,-6570.3125,-7166.6666666667,-7838.5416666667,-8666.6666666667,-9744.7916666667,-11166.6666666667,-12992.1875,-15145.8333333333,-17518.2291666667,-20000,-22552.0833333333,-25416.6666666667,-28906.25,-33333.3333333333,-38932.2916666667,0,10,20,22.5,25,27.5,30,32.5,35,37.5,40,42.5260416667,45.2083333333,48.203125,51.6666666667,55.7291666667,60.4166666667,65.7291666667,71.6666666667,78.3854166667,86.6666666667,97.4479166667,111.6666666667,129.921875,151.4583333333,175.1822916667,200,225.2604166667,252.0833333333,282.03125,316.6666666667,357.03125,402.0833333333,450.2604166667,500,550.2604166667,602.0833333333,657.03125,716.6666666667,783.8541666667,866.6666666667,974.4791666667,1116.6666666667,1299.21875,1514.5833333333,1751.8229166667,2000,2252.6041666667,2520.8333333333,2820.3125,3166.6666666667,3570.3125,4020.8333333333,4502.6041666667,5000,5502.6041666667,6020.8333333333,6570.3125,7166.6666666667,7838.5416666667,8666.6666666667,9744.7916666667,11166.6666666667,12992.1875,15145.8333333333,17518.2291666667,20000,22552.0833333333,25416.6666666667,28906.25,33333.3333333333,38932.2916666667]}