{"B":[0,-0.0025,-0.00659715,-0.0150792,-0.0263886,-0.05,-0.1,-0.15,-0.2,-0.25,-0.35,-0.5,-0.6,-0.7,-0.9,-1,-1.1,-1.2,-1.3,-1.354,-1.45,-1.5,-1.55,-1.6,-1.65,-1.7,-1.75,-1.81,-1.89,-1.945,-2,-2.05,-2.1,-2.15,-2.2,-2.25,-2.3,-2.35,-2.36,-2.37,-2.38,-2.39,0,0.0025,0.00659715,0.0150792,0.0263886,0.05,0.1,0.15,0.2,0.25,0.35,0.5,0.6,0.7,0.9,1,1.1,1.2,1.3,1.354,1.45,1.5,1.55,1.6,1.65,1.7,1.75,1.81,1.89,1.945,2,2.05,2.1,2.15,2.2,2.25,2.3,2.35,2.36,2.37,2.38,2.39],"H":[0,-10,-25,-50,-75,-108,-137,-160,-180,-200,-235,-285,-320,-365,-480,-560,-660,-800,-1000,-1150,-1550,-1840,-2250,-2800,-3450,-4350,-5500.0000000044,-7707.1729539577,-11862.8990977745,-15839.1567079411,-21076.0422317544,-27280.8894464284,-35288.4787120144,-45641.6831526714,-59045.9607998718,-76412.4543170785,-98906.8983136111,-128000.0000002391,-134764.0074135595,-141879.7966935716,-149364.2641570027,-157234.8949351728,0,10,25,50,75,108,137,160,180,200,235,285,320,365,480,560,660,800,1000,1150,1550,1840,2250,2800,3450,4350,5500.0000000044,7707.1729539577,11862.8990977745,15839.1567079411,21076.0422317544,27280.8894464284,35288.4787120144,45641.6831526714,59045.9607998718,76412.4543170785,98906.8983136111,128000.0000002391,134764.0074135595,141879.7966935716,149364.2641570027,157234.8949351728]}